Server,sensor
5:00,28.3910404981939
6:00,97.51185275599045
7:00,9.674416125558988
8:00,65.24255449377374
9:00.532070348663035
10:00,58.122507108662475
11:00,42.87394181354253
12:00,96.43613729536791
13:00,36.31389827882434
14:00,58.51218815313751
15:00,3.5051119657020653
16:00,96.94529091460862
17:00,57.992006435509055
18:00,29.93915601241227
19:00,73.1867395436961
20:00,82.23437346267967
21:00,34.782571263460554
22:00,79.08339882297095
23:00,70.43519470096709